model,city,n_rows,mae,rmse,mean_true_demand,mean_prediction,negative_predictions_before_clipping
my_team,OVERALL,231907,0.760853,1.380948,1.093792,0.932444,0.0
my_team,city 1,92536,0.980122,1.582089,1.419285,1.353759,
my_team,city 2,136345,0.620853,1.237387,0.89154,0.661116,
my_team,city 3,3026,0.363593,0.786432,0.253139,0.273947,
dummy_baseline,OVERALL,231907,98.906484,98.926228,1.093792,100.0,0.0
dummy_baseline,city 1,92536,98.581406,98.606372,1.419285,100.0,
dummy_baseline,city 2,136345,99.10846,99.124419,0.89154,100.0,
dummy_baseline,city 3,3026,99.746861,99.749302,0.253139,100.0,
